tweet_id,retweet count,favorite count
1561077093294678016,156,2856
1561043676142325766,15,0
1560705882849247232,697,21664
1556675681454592000,3,991
1496244425869361155,2511,0
1496180778337771529,0,36
1496174189333684225,4793,90215
1495915651810349058,4828,79164
1495893628744777728,6,1105
1495801507970785281,0,212
1494785865574461443,0,10
1494784347601203201,182,0
1494782447174705155,0,350
1494782368577732618,0,12
1556675678904483845,14,1292
1494779947386294272,1,386
1494776085355155458,0,334
1494775897534218246,0,206
1494774843371368453,126,5150
1494774836895309849,1238,28979
1494750696394170380,0,30
1494733652894228490,1006,13609
1494718791099551747,0,32
1494483940014317570,0,10
1494482477997461511,6,757
1556675221347868680,6,975
1494480054662750208,10620,105149
1494477578475753472,5,154
1494431715187572767,0,64
1494376028638171136,5091,79096
1494099310505598977,0,283
1494097323063975943,0,90
1494097215383650310,0,83
1494096097416986626,0,160
1494093944761638912,3865,49204
1493739507828465671,2971,59847
1556674513684815874,6116,123877
1493684834409103364,1,159
1493679543231647745,5936,99433
1493635082350784514,1,71
1493634531936636929,884,23448
1493310758893015040,2,390
1493310577208397833,0,249
1493310408580599810,3,471
1493305097140555783,0,202
1493304274566144004,0,209
1493301414017351690,8795,95582
1555971809740083200,0,452
1493248562561495046,0,14
1493053441555329025,2176,0
1493043377046048771,2,432
1493043162197082114,0,343
1493042796860608513,1456,30646
1493006074378547202,1840,22268
1492951745768484864,1,144
1492933864292945921,4,593
1492932250823921667,101,0
1492930520447029249,35,2941
1555969751242813440,0,461
1492929767519051777,2176,32926
1492583387709665280,0,11
1492575688984981505,4099,71276
1492228311371628549,90,3149
1492228305323499521,802,22474
1492214627186454545,221,10515
1492206485534822405,0,42
1492187643261734913,1432,19758
1491944114811662339,4,759
1491943300193943552,0,121
1555967188057526272,2210,52371
1491937497428881415,2,872
1491932965042999296,3961,62837
1491829429915553796,3092,39029
1491827877553315851,0,13
1491583784239566848,3,301
1491583190825246720,3418,69081
1491532021637828610,0,34
1491517794596315141,0,26
1491509231702269952,0,84
1491508687550124034,0,62
1555633656688943106,70,2190
1491507446459760642,1,286
1491506382230540289,498,13134
1491504590428282884,0,39
1491486660210483201,0,71
1491478144641028096,0,6
1491473224403619840,46,0
1491442583691993090,0,79
1491214824126414848,143,0
1491195263129583616,0,197
1491173422554284032,0,235
1555633647650217986,559,14406
1491171997854109697,1,164
1491160442034876416,0,108
1491138983698464768,0,368
1491109764142891008,1,466
1491106492870578184,0,329
1491106336142405635,2,851
1491106086832975878,0,242
1491105176656429062,1,211
1491104797659111424,8,1061
1491104675831365632,0,411
1555597006176784390,1674,12333
1491104549339164672,0,479
1491103582984282112,0,601
1491103056653692932,1,1006
1491098228678606849,2596,44945
1490795802704465923,942,19259
1490738006235488262,1,12
1490736746681753606,6486,106551
1490117780623921154,12,1907
1490040977347657731,0,829
1490040494818148356,4040,61693
1560671758058786816,0,109
1555318149163241472,1,327
1489761752170450944,0,291
1489761045463719938,1493,52411
1489698523402670083,0,109
1489695447874686979,0,7
1489695009075077120,0,9
1489693891754397696,1,511
1489693140315299842,91,4122
1489693133860478979,780,18513
1489671497325154306,0,45
1489664317637074949,173,0
1555316144910860290,0,530
1489661584469200896,13,1382
1489661253316268032,935,16052
1489335136147677200,1,9
1489333289680789505,0,5
1489311879847727104,0,48
1489309089372852226,0,23
1489307559953526785,269,7761
1488938976845180933,1,25
1488936614919389184,0,83
1488575173431283712,2,241
1555315928606429184,3,1307
1488574790604574722,771,0
1488566646490816513,1,794
1488564861978218496,0,8
1488524849735782406,2,359
1488353165531443203,0,10
1488319318861369344,10455,133505
1488242091159293952,0,49
1488222605354029059,4664,65333
1487486786548822017,4192,57335
1487173289340514310,0,31
1555315050654666760,15737,135852
1487164158638493697,91,3716
1487164152640593920,795,17749
1487133654551871488,0,217
1487131422443937794,163,0
1487126973323218948,654,12790
1487099230351097857,0,12
1486857339806240768,0,8
1486765750492622850,3,1104
1486758456878985216,1801,0
1486742444204969984,21143,201116
1554963988110200832,0,390
1486413077591506951,9,573
1486388190411771905,7,1654
1486356291761098757,1,192
1486159245754048513,5,1231
1486158012372766723,3732,50953
1486036354542747656,0,15
1486029799948759047,0,12
1486028418944843778,2,178
1486027686887702532,4,210
1486026258857086977,1264,27757
1554962334094745600,4907,67293
1485986959986200576,0,1
1485986075910750210,0,4
1485784697116319746,3290,56777
1485714572459888642,618,0
1485709202148397056,5,779
1485686068989071361,3,544
1485669814454534144,9,1348
1485669216271302656,11029,127541
1485659014902001665,0,4
1485657420105928711,0,4
1554869285352345600,0,282
1485308787900633089,14430,0
1484654956363665408,0,187
1484653330114752521,0,6
1484635953633316867,234,6835
1484635948809924617,1338,29707
1484591411974582272,0,115
1484586563174420482,693,12930
1484291345405468675,0,108
1484290572722401283,5667,85169
1484230499493203983,1,65
1554867095447474179,3,727
1484229933153071114,63,0
1484229423368921092,0,71
1484228849705656323,2,248
1484224437981310978,493,10271
1483967781867442176,0,475
1483966487878455297,2819,52316
1483929636723572737,12,1177
1483877862461476864,6,1493
1483877090990571523,7598,85595
1483522016749703169,6,277
1554866006673068033,0,409
1483515761964433410,4,114
1483514288257986561,87,0
1483511220053368834,0,179
1483245176222937088,95,3283
1483243958532595712,7036,99602
1483098384399486976,0,2
1482095205851570181,0,258
1482092056671666179,103,3862
1482092048329158659,1038,26842
1482035705698086912,289,0
1554865156701597707,1,564
1481714229451190273,0,22
1481708034954981379,15,152
1481706586619981835,206,0
1481702984857919490,0,6
1481433268104794112,1,587
1481429737696153601,12832,139687
1481359162663530497,0,9
1481016073466044416,0,34
1481005562703880200,0,6
1480971508973506569,0,95
1560660460147355650,355,7444
1554864279354019844,5,759
1480966567613640709,765,16435
1480761497089306625,0,297
1480730395645603842,1,162
1480730351781572612,5161,0
1480704578806960128,4,1637
1480704050299432960,16600,161846
1480686854949068803,0,1
1480666598788632576,300,0
1480590679277453319,0,13
1480588570721021953,192,0
1554863513847439362,3814,70759
1480337363649716228,7,1057
1480269061279797248,0,117
1479888873165524995,1,275
1479874753313656832,3076,48447
1479583845573877764,0,7
1479582207916269577,0,120
1479577454415126532,1,570
1479575038068199434,64,2497
1479575031718060037,932,21153
1479571896546971648,1,45
1554597356276006913,0,16
1479553218006892548,143,0
1479549661920645120,5,633
1479549193412702212,1203,17049
1479498224113119236,0,51
1479216140496748546,0,58
1479183403882795008,4898,77113
1478858261986115585,16843,0
1478855238199103488,17816,146561
1478788141926420481,0,88
1478785877941706753,0,104
1554593435188727808,0,242
1478785560340664321,1,179
1478785094206713856,196,3231
1478778648513499137,11,1157
1478778432267767808,223,0
1478533890503364608,1416,33412
1478527398865817610,26507,183119
1478524052385923072,0,3
1478450086476582914,3,90
1478444372081397764,7,337
1478444179030097920,342,0
1554592681363374081,0,299
1478416760567054338,2,939
1478416416894115842,4,920
1478413398324875269,5615,91717
1478060327950446592,1194,27595
1477091293675208709,11,1177
1476753447047286813,0,45
1476606618305384458,0,101
1476606539997728801,142,0
1476599039600709635,41824,133540
1476595727082016774,0,313
1554592589092888583,0,279
1476595492981141510,386,15283
1476368460758142976,0,45
1476362933579890690,0,262
1476362783218286592,0,82
1476362050485907456,534,14111
1476281572336668677,0,18
1476240572264316931,0,198
1476239919550926857,1277,10243
1475936547857780738,2,52
1475925258427273217,3,90
1554591606698917889,1,642
1475924237097394178,0,518
1475920366157504517,1566,41924
1475886158508793862,0,3
1475649674186952705,681,0
1475649629660188672,0,4
1475186312063893507,2,33
1475161352998203394,0,9
1474792505044611078,0,9
1474551847885189122,2,201
1474523470096654337,2,931
1554590994603065349,13124,201258
1474158411122106378,4,497
1474157764297564163,0,96
1474157720551018496,1,229
1474156615637028864,954,22908
1474072767729483777,1274,0
1474070507641360416,0,138
1474068121271033866,14163,137800
1473772439431700482,1,5
1473688097183383565,0,11
1473369541547859970,72,1351
1554231493735710720,2,536
1473361417550147584,26801,0
1473318819951165449,4,958
1473316462987292682,5708,72012
1472993339230281729,9737,140330
1472622525079195653,1019,0
1471942834810810368,0,61
1471942793295634433,70,0
1471939037388701699,54,1383
1471938839904092164,352,6779
1471897483974377472,1078,16043
1554230283905298432,1,352
1471887507574951937,0,74
1471638841228288005,1,704
1471638396812492803,12552,105863
1471538029961486339,0,5
1471295688017264640,6287,115326
1471202542465871875,201,0
1471165208697528321,25241,0
1470816793698742275,1,413
1470816714682036227,142,0
1470800909739331589,9,1130
1560392800776110086,0,5
1554229626062352384,0,388
1470568457024331776,0,135
1470567923479547904,4,1130
1470567788309729285,0,397
1470567153988374528,12468,147190
1470550442606137346,1,703
1470456963662184450,1,497
1470455831569129474,9243,119327
1470382350710153219,0,6
1470381470233423879,0,6
1469408059336409097,1,13
1554228732864466946,4211,83778
1469405224670539780,1,226
1469397245976002561,125,5061
1469397240578031618,892,22808
1468760145752510464,5,1594
1468751455200821257,8143,105724
1468640557027119105,0,95
1468636057197441025,3,168
1468631661550059521,1,372
1468631181973360642,0,13
1468630965253664775,0,321
1554168747048308737,0,16
1468629420684414976,2,850
1468629245513453569,44,2875
1468627382860861441,1,579
1468626675680169986,6406,63312
1468382755088060417,0,48
1468380978359930883,274,6904
1468288859624525825,2,607
1468285563153252354,8414,129727
1468279474022072324,0,27
1468026661106905092,2,330
1554144479493464064,1,463
1468025972653903874,3,336
1468024302171660290,5711,70123
1467893794565541893,1629,0
1467564425045417984,7,1301
1467204547739148289,3933,0
1467199261485850627,11964,154830
1467190057287106560,6,700
1466869220818309124,0,11
1466866300714905600,0,3
1466861713534242817,0,298
1554144438204518401,0,352
1466861213791539211,84,3074
1466861207839780864,798,19696
1466847251179859972,6,822
1466827107917385729,1696,24789
1466547654817574917,0,137
1466547607929438211,591,0
1466467300782006283,0,158
1466467151427084296,144,0
1466215137010798600,1,976
1466099320348831744,7832,91264
1554142384140587009,1,681
1465849797550641155,1,978
1465715792461193216,8,1382
1465436766077263877,0,8
1465414918144806913,2,399
1465414734522425347,0,24
1465413430089687042,0,7
1465412842895515650,0,77
1465411448117465090,85,1623
1465402386587947015,0,3
1465380979866886153,0,420
1554141725429579778,4763,86435
1465380150330028039,6693,84777
1465351740522303489,1,159
1465143837240672259,0,90
1465134258452713480,0,3
1465121376109432833,0,95
1465116792183877637,0,157
1465116682150498305,141,0
1465115837811986434,357,9020
1465112640108130306,0,26
1465050589348306944,0,82
1553927441902489600,9,491
1465049780585832449,0,33
1465047715256045568,0,190
1465043555223703553,0,2
1465036070815363077,0,145
1465024497350680578,0,122
1465023506656022532,0,463
1465023313797808132,0,5
1465022617279090688,156,0
1465022167796510722,0,207
1465022103044825089,0,388
1553816081046781952,3988,63545
1465021657685258242,0,514
1465021105807114240,981,18994
1464665497593470981,14768,134194
1464401773209141249,1479,0
1464330762015043585,0,30
1464329221430337536,0,106
1464325804913946627,386,10370
1464075593620680706,1,89
1464075564285771780,43,0
1464073144671432720,9,280
1553430664053043200,0,357
1464069869188485128,0,57
1464066561665159173,258,7774
1464001867617226761,0,59
1464001599466926082,0,68
1463989114236125244,0,185
1463988725319634944,3,352
1463988311140155392,1,208
1463986788175790099,1200,17301
1463691935474880521,2,30
1463686011733495809,1,39
1560392398072516610,91,0
1553429001388953601,3233,74521
1463684791727910914,0,162
1463683896915095556,1165,25749
1463681617361207303,1,126
1463681111859425280,0,29
1463681044763144197,1,57
1463680777560866824,0,21
1463680706605838343,1,104
1463679566866575360,1,76
1463678749501648899,320,9195
1463624463912603653,21,3474
1553101887129395202,2,6
1463582195944148992,5,668
1463567410737278985,9833,136245
1463291945711640578,2,365
1463263921473667077,10,952
1463205025119830017,0,788
1463202503109984258,4109,90491
1463181112541208577,0,21
1463015031151284229,0,79
1463012835122835457,11,1505
1462941000746209283,0,1090
1553095222195789825,78,2492
1462940867845509122,3,1276
1462940086161461253,7095,117036
1462852600546533380,0,224
1462848247009976321,0,31
1462847726039683074,0,20
1462841718764568577,0,338
1462840765072097281,842,13850
1462564719714136066,2979,0
1462506959798607876,1,50
1462279611065143301,0,101
1553095214641909760,630,17132
1462145428204392453,0,446
1462137924984602624,0,2
1462135027450335238,1,823
1462134747652444164,0,356
1462134506626818048,8331,116222
1461848279616872452,614,9937
1461819294606495746,0,3
1461814862292553735,232,0
1461814005375410178,1813,28133
1461803922394386438,0,307
1553057502102663169,0,5
1461803464246190084,41,0
1461800988520726539,1,385
1461799474288742405,0,14
1461799382248919043,80,0
1461797915039436801,150,0
1461794883753197579,298,0
1461782868875636741,5859,36789
1461779289033089024,144,10224
1461369471373701124,0,31
1461083882875342849,0,8
1553052462294003712,0,52
1461009596147851275,1,46
1460991450309541889,3689,0
1460988009822580747,7,1316
1460986970260205568,13227,112831
1460665494814474244,1,89
1460665244284555267,0,9
1460664909146902532,0,79
1460664458985021449,0,70
1460664018251698177,0,5
1460663487907123207,0,6
1553052323332534273,0,127
1460663365202808835,0,133
1460661806016475136,0,5
1460658336236380161,0,152
1460658070888013824,0,204
1460655434402992129,68,1644
1460654097783148545,1056,21099
1460334779883134981,16109,192784
1459997734673387522,10,184
1459958073804480516,1008,0
1459952280388526082,6032,69772
1553050607728185344,1091,20130
1459751206641758211,4,202
1459266802333237249,0,258
1459265563855835147,85,3586
1459265555903533060,940,22337
1459243744536907776,3666,12086
1459204892149485572,2,340
1459204739749449728,122,0
1458955684268052494,0,62
1458953291694411778,4,971
1458952995752742924,4591,65565
1552858404447608832,0,127
1458920357876809739,4,746
1458847324411600898,0,31
1458846913936039959,5,998
1458846646968590360,0,535
1458846306428850188,5812,94820
1458524430292819970,3,1269
1458524119822000128,2,228
1458521673074831362,15210,142925
1458511238187474946,3,464
1458510925640593415,21937,0
1552784296863318017,0,185
1458510762234630144,269,11173
1458175121286381581,11,2603
1458162285688545289,6076,73156
1458138056389705730,0,35
1458137976727293955,0,133
1458135801984860168,0,67
1458133664475254786,44,2536
1458133654417326082,936,20902
1458125815443558406,1,105
1457550164563046401,0,50
1560390872759316481,0,364
1552784209789460480,0,153
1456748161490292742,1,47
1456742503567138817,0,3
1456731615191764997,0,18
1456728684694495243,215,8847
1456728679594217477,2207,42639
1456704292283314179,0,45
1456657241214382082,1,156
1456655772947939329,0,97
1456654279117185027,2,176
1456653341036097537,1156,17649
1552783471365455873,0,238
1456407949681725468,0,1113
1456407681988640769,4,1652
1456406418647498755,725,26239
1456405985581428740,3093,67308
1456292547895042049,1,323
1456292329229152256,6094,64841
1455932393555038208,1,323
1455925973677867013,12,814
1455924841563918349,1129,14754
1455685502628085765,1519,0
1552781224413913088,4,312
1455679929744429060,20474,124798
1455598928536104962,0,135
1455598267375308804,0,5
1455596088715452420,1,608
1455594812858527744,84,4148
1455594807317852161,1078,24549
1455318038274723841,8426,107434
1455262486815334403,80,0
1455214409106616320,0,82
1455211505725501448,0,75
1552781091098038274,5,252
1455209395416027138,913,34835
1454913921073049609,0,1017
1454912247310864390,120,3302
1454911810746740740,7133,75830
1454186748964130821,0,152
1454178974053978114,0,246
1454162142299574278,149,5662
1454162137157410827,2271,48404
1454147770952998912,8,1633
1454127529153859590,0,207
1552780629783224320,2594,44667
1454126034467508226,3,343
1454124765627682825,1709,23956
1454121664292155394,0,163
1453876318567735299,3,1571
1453875315130834947,7361,122212
1453782052361457669,5482,70599
1453491302448857090,2,773
1453413606490443784,23,2513
1453412798852128778,9108,111561
1453087150820323329,6084,76958
1552713836863660035,368,0
1453080331121303554,8030,77008
1453055867075530753,0,23
1453055109504520193,0,4
1453043769448624135,484,7891
1452810311761678338,5442,75397
1452760957151846411,0,56
1452757197910417420,184,5052
1452668658841497602,8670,142468
1451972617666060295,21210,0
1451968331829833730,51,6408
1552712161163608066,5,938
1451967850193641475,81569,541116
1451641762624073729,113,4870
1451641758450794499,857,19577
1451579536160661506,210,4123
1451376418948993030,3,60
1451293030040813572,6,971
1451292687110316034,2379,48435
1451244427524018177,745,0
1451237110187315203,0,55
1451233002453815302,1,4
1552433738759700481,8,981
1451218454774571018,8,580
1451218069984976900,1,653
1451217742317580291,1621,29100
1450901837796626432,0,200
1450900488690360321,28,4302
1450899671744876546,3036,55664
1450898813376290822,0,42
1450894263974121473,557,10388
1450880843652628480,5,399
1450860472262021121,1,27
1552421055972753410,0,469
1450266986731081731,17,314
1450265622730862596,1,649
1450265199164854273,3426,59368
1450155052321189896,7454,91087
1449103274540421128,1,164
1449097448572469251,91,3098
1449097443774193664,1032,22134
1449070203099389953,1,45
1449070105359437825,2,78
1449061035839733764,1292,15792
1552418463670730752,5,697
1448690796711059460,11298,147630
1448442977110540289,3871,62080
1448325943076933637,11,1273
1448325491149008904,13,883
1448323305451229189,4932,62271
1448079815572013058,5217,71408
1448029403284480009,5255,80341
1448024097477124097,3,217
1446555572669587456,126,4448
1446555567942557696,852,18670
1560390715162521600,0,392
1552417849750081537,3,480
1446508770322829321,1335,54336
1446158999397679105,4,801
1446158404121026563,539,0
1446158302354677788,2,36
1446155253733224453,1,28
1446154250636050436,7,649
1446153747307008000,4,822
1446153111337271299,986,0
1446152968680591365,5,714
1446152720298045441,4,478
1552416231172472833,0,494
1446152530140880897,1,203
1446152120370036740,4895,34847
1446152031836590085,6027,59099
1445910306178232326,1,28
1445906481975463936,2048,0
1445905376478588936,1,633
1445905073154887686,19325,199264
1445864358152531979,1,292
1445807874655993856,1,3
1445802483746361349,2,460
1552415856570793993,6136,81100
1445801443177369600,1,309
1445799285660938244,3364,64316
1445499987467522051,7534,97401
1445382679747182592,1,20
1445214223542276103,5736,78296
1445192534179794945,2,155
1445176896006733825,0,238
1445172830094516228,1,225
1445156295082856459,3,706
1445139214543192067,24,833
1552328185299083265,0,339
1445135871695409158,1,200
1445112037143564288,2,132
1445111760315318275,324,0
1445111721262141443,9,1994
1445090941019164677,17,2827
1445085782205612037,1,581
1445085480568033280,3,1581
1445083420732788741,335,4575
1445081317540970502,6,1572
1445075874143879169,2,531
1552327584867930114,0,301
1445073699552391170,5195,42754
1444353257376141315,4881,65966
1444030132960780290,125,4355
1444030126484869123,920,23666
1443998632399695873,25,3629
1443997410921910273,4,298
1443981196816388098,2275,63498
1443976431940169728,1,121
1443974307701354505,1,41
1443973530576506883,1,104
1552327328113598464,0,296
1443973124005924865,3,388
1443971714317176844,1153,11179
1443970121957986304,1,76
1443675028352995343,1,40
1443661495909290003,42,7289
1443661287720816653,1045,0
1443656149824245765,2,309
1443655846865502208,25,2926
1443650429628256290,1628,38052
1443650035246190592,10,3283
1552325561208422407,4718,84077
1443649226492153857,8086,96332
1443369843072274432,2,12
1443369011748638724,15142,171138
1443350811216547840,1,7
1442962801337585664,6491,84682
1442658001261760514,1,28
1442628542349516801,549,0
1442532969952923650,1,7
1442531230268858373,1,5
1442527120610062340,13,763
1552060272461770758,0,124
1442254808954535942,2,213
1442254472143507468,5,818
1442254393479290886,948,0
1442228927162765319,4,503
1442224722649829377,2,98
1442220540555456513,13450,144587
1441828713780314114,1111,0
1441494838856224776,2,250
1441485481762377731,1,8
1441481147037356034,1,6
1552055657771110402,0,164
1441480119000834050,1,47
1441479459240964100,3,584
1441477915300937732,120,3911
1441477911479943168,1660,35401
1441477294963396612,1,117
1441455325031272462,1,75
1441450029290450945,1264,14345
1441194491587678214,1,3
1441194073105207298,7215,103813
1441139889613930505,1,20
1552055084686757897,1,75
1441081229000921092,1,4
1441081157173452804,1,6
1440787235918344197,6577,100541
1440721436427968512,1,9
1440720603376349189,2892,45293
1440470893231108112,1,18
1440470499444752395,6096,94617
1440383283947192327,3,499
1440382753489317906,7034,73099
1440239145943584783,19227,0
1560389200603516928,5329,75213
1552054953795092480,1,328
1440092656965619717,5,1452
1440085221270040577,24094,148557
1439291595208081412,1,28
1439289237912764416,6348,85374
1438956394107990019,2,161
1438946980869279744,129,4708
1438946973789286403,1462,30267
1438934004334415872,109,0
1438919119181533187,1,22
1438905205509132293,2214,29623
1552053769843757058,4347,75099
1438555475344171059,2,767
1438543047365562368,686,0
1438535861545492483,8482,82203
1438289832598388737,0,10
1438249255790022656,2,8
1438247908843814913,1,441
1438246545732767744,2694,42179
1438219851634393090,4,739
1438203384561999878,7632,127645
1437926622133243907,14,1769
1551963675468222464,824,20858
1437925936721055744,18727,204004
1437860524230807554,8979,116822
1437513569310953473,1,68
1437497980756508673,2,6
1437483046987395075,3,587
1437480736437592066,7269,87221
1436434099569258499,1,13
1436414551818264577,1,23
1436410394982027266,84,2317
1436410393023242241,1877,34636
1551698087139110913,0,222
1436393367613558785,1,191
1436388778508095489,14,257
1436379038679908352,2102,28488
1436378412172537856,2572,29675
1436364582243614720,1,49
1436360127326474254,43,1641
1436101511956754458,6485,105131
1435663878617141250,1,7
1435663247630159872,1,9
1435660408384225280,1,58
1551697911167102976,1,190
1435648257296764928,1,3
1435647258289049607,1,19
1435647128026566657,9,1055
1435646756692238338,12,1324
1435646115072798726,9229,133620
1435357478850482181,1,242
1435352202772553732,15,1215
1435350802109845505,8408,124674
1434543455682826241,48899,376600
1434208852237557761,5,132
1551692756560580612,14,747
1434205618919723013,169,6392
1434205612234084352,3859,77566
1434006045597257736,2,416
1433993488073379842,31,3727
1433904016086519810,3,65
1433867237769846789,181,3126
1433867234821222400,2049,34444
1433822927183654915,3766,27302
1433563469790396418,6620,74659
1433477423258079235,5536,88806
1551691485707370497,4287,75507
1433172139826466817,2,543
1433170991996362755,8132,125020
1433127816409731072,1,23
1433127740169850882,1,9
1433125210404786176,2,191
1433125168616906753,144,0
1433114124070756356,1,51
1433113547987296261,1,87
1433111661401948165,42,0
1433110983120093191,1067,12850
1551663785177501697,462,0
1432915329227767809,28923,0
1432835552378703874,3944,58153
1432742899708354569,3623,60038
1432441897562230784,1,6
1432418735936081921,1,1
1432417202582409219,1,1
1432395739817136131,5,700
1432385035693264903,1,315
1432384890159321088,1,328
1432383366892965891,4835,80376
1551663766361837569,12,1396
1432363930236567556,1,8
1432360692959436803,2,203
1432360419725746177,1,4
1432359943303168007,1,5
1431672589118627845,28,1389
1431672587013083143,2629,55840
1431387058220634113,1,55
1431381852871299073,123,2928
1431381851139022851,1062,22570
1431319960928677888,3,193
1551603315888234497,0,221
1431319902552408064,1,93
1431319823565279236,3,9
1431318745893380101,1,57
1431317607819489286,1559,24541
1430988574053212162,3,27
1430973553592004609,7,838
1430965163528572928,1,57
1430953309083475970,1,65
1430946203563282435,2,630
1430939296823975944,1,53
1560312739574083584,93,0
1551601855305744384,1,287
1430938362135912453,1,153
1430917841088253960,1,644
1430917390372507648,1,63
1430916070081064970,32,5813
1430915497571217412,2741,31301
1430656657919406083,7502,123828
1430606080988487683,4578,77089
1430539853884805128,5755,67257
1430239729983787008,1358,0
1430228520676970500,1,9
1551600531012984838,3259,65350
1430227377708142594,6492,80319
1430225429051297792,5,340
1429960262585511952,2,18
1429960031764500480,768,0
1429948212975071269,5,740
1429897354455371791,2,537
1429896772436971537,4697,68462
1429874218422849536,72,12458
1429130684023525385,4,499
1429128134654267394,102,4815
1550567946468167681,2,429
1429128126122975233,2788,52495
1428924160655323137,1,3
1428923638871257094,1,4
1428885911740194817,2,22
1428878532726296579,1,153
1428877883133468678,105,2642
1428877878591057921,69,866
1428877876691050496,79,1580
1428877871720718337,75,1850
1428877867182481409,101,2089
1550562479989719048,0,219
1428877861977423874,189,2673
1428877023322152962,4,581
1428875859834724363,110,2548
1428875857599242241,1577,27445
1428804605870166016,1,77
1428799504950587396,248,6513
1428799498734637061,232,4097
1428564274050334725,1,28
1428526975967141889,2,128
1428494415614513158,3,594
1550561735781896199,1,654
1428493685872730114,5,591
1428489955064434700,4,424
1428488198611636224,5717,73852
1428443807100510209,5527,106055
1428358110788296719,2,442
1428351480189263877,2677,50360
1428153655174123524,1,1
1428150335466479618,7610,93931
1428119451208097796,4,401
1428101556029706247,1,274
1550561254841917440,132,4089
1428099483628281857,4499,55923
1428042492385972228,19756,142695
1428017817178103816,3786,64388
1427772208332644354,1,75
1427770652946272257,19617,121848
1427731594907955207,10,1141
1427728782186749952,1,577
1427727719660494848,2599,34991
1427687097566105604,1,17
1427367289154949128,2,358
1550561248189861889,1027,24899
1427352734387347456,4269,45484
1427312047210082314,3,148
1427304510322581512,5,719
1427304130205437959,1,26
1427303681461035012,5,618
1427300891661672455,4036,70775
1426606799818346499,126,5606
1426606128318750720,3326,51043
1426296501404200961,1,81
1426281750339022849,0,157
1550539146225012737,0,172
1426279234666827776,303,8142
1426279230157901824,314,6219
1426265500166754304,11,1133
1426223852376367108,5,29
1426219781019955201,1,159
1426218615691300881,2,114
1426217658064654337,1326,18354
1425971304637747209,1,29
1425601372817264643,1,664
1425600918146347021,6,1616
1550516081525108736,0,71
1425600736918786050,9372,119473
1425517382483668994,5,256
1425500265696817155,1,6
1425494290902355968,427,0
1425493128367132673,3571,49501
1424924436210196488,3,323
1424871013213380611,1865,0
1424869818528800774,27631,166186
1424064416803262469,92,2178
1424063290754224129,3219,72533
1550514852434673664,0,344
1423782197014646789,1,98
1423744684271099904,3,422
1423744257886617603,1583,32420
1423691483027103744,1,289
1423689949891551232,1573,20233
1423401038606848002,2,67
1423396996094722048,2,90
1423349161726930946,6260,91122
1423070320588509185,10201,132021
1422975792049315841,3,643
1560312315613892608,1,246
1550514277240406017,1267,20884
1422967643024216073,1,50
1422961169208201216,1,272
1422958748667060227,8,866
1422958650386272260,1,205
1422958440679239693,1,49
1422957889061232644,1,127
1422957571669856261,884,14863
1422660138234572802,17,1260
1422223870623305730,1,318
1422221927150538757,36474,393694
1550245249372397569,2240,49724
1421482654759677968,6,98
1421245044485365760,1,76
1421244873617801216,1,5
1421214665967763458,1,15
1421210746747187202,1,7
1421208311802699779,1,143
1421208188683124737,1,7
1421207351126753281,1,196
1421206907210010631,1165,21334
1421146427468619776,1,81
1549887232013545472,3,299
1421144669602271232,1,107
1421142935421161472,2,167
1421142892962189314,368,11761
1421142576124481537,1739,21183
1420895409354903552,0,427
1420894711091392515,6550,84343
1420820860395417600,6515,0
1420759709724725268,28,1295
1420467190604570628,2,232
1420461846432153610,9,1381
1549886897148661760,1,291
1420461271694991362,4202,69447
1420203216436830215,1,153
1420181751406612481,1,22
1420179053034631168,1,447
1420178001686188034,12,1335
1420177476819423233,11839,119207
1420074415929270274,4,194
1420057088726749194,2,173
1420057005750841347,1,140
1420055174064734209,2,246
1549886515014017024,1,189
1420053779492184069,1067,25678
1419814151560462336,6044,74375
1419690739940806656,5265,87195
1418696334274535429,3,116
1418696062697574400,3,77
1418691358672310272,4,178
1418686420466561024,1,13
1418686065313910784,868,19149
1418640267846905857,2,19
1418637828154564610,1,239
1549885313107038211,6,621
1418632055877890052,2803,20316
1418360984293412865,7147,113164
1418021339609239558,1,46
1417998970828120064,12350,122730
1417956756555059200,2,40
1417885938617786369,1,36
1417884273839771650,4,1050
1417884125017501696,12,1831
1417882104789016578,1,566
1417881355493408768,1,550
1549881674829291520,1,301
1417881052769488907,7920,95939
1417533609850720259,4,909
1417531068215795715,11401,169102
1417503141935808515,2,46
1417277343362555931,4,576
1417277227650097199,1,405
1417277099165982729,1,460
1417276478216052740,4173,73254
1417272129381408770,0,41
1416803369201537025,1,18
1549881027891445761,2,414
1416273164477235201,4,178
1416170163401986050,1286,27249
1416075388275478528,2,265
1416074570084208641,1201,19605
1415824668762595329,11297,130105
1415377721975205890,4,1394
1415377132478353410,1,18
1415372899574108167,5917,60504
1415107724262608902,2,480
1415105879272161283,5884,80689
1549880448859443202,6439,121799
1415003680571420674,6,236
1415003624745279489,1,15
1414983135884812292,1,124
1414979790570803210,2,216
1414979685214130178,2,615
1414978624634064898,2042,35169
1414702574100312065,1,113
1414670020957786119,1,243
1414623981512974336,2,1003
1414623897786327040,2,312
1549870014160728064,75,0
1414623268301008897,4022,82663
1414357781709164545,5,1230
1413909664224350212,18,1300
1413908648066097154,11,2299
1413907247697055746,7828,91409
1413578462426648578,3,209
1413576469201125376,1139,22911
1413533496467935232,1,202
1413529779635032066,2,294
1413528966418223113,1979,22019
1561041883974864897,0,91
1560310940997783552,0,408
1549802508222185472,0,24
1413281129654743040,21216,212763
1412924794538913796,1,13
1412863552549908481,1024,0
1412814575309770756,6369,94667
1412794449713786888,1,126
1412458853195677697,1,224
1412458599159271424,1,206
1412458571627782146,1,92
1412458196522864641,2,14
1412457969401409544,1351,27797
1549802140369051658,0,34
1412215306274017302,22,2145
1412190743066681344,20358,146980
1412162728278446085,42345,0
1412103356940574720,1,6
1412075824824553476,3,90
1411771692691509249,1,14
1411480031579181059,13604,128969
1411395311646347266,3,29
1411117374657368064,1,45
1411098799674519552,3,216
1549800204152365062,334,0
1411098141231771651,5,337
1411096796013633540,897,19008
1411017562633035777,3,1309
1411016808434311169,2310,23458
1410751042422116357,3,374
1410750809562750986,3,505
1410749399433547785,9383,129132
1410640623611256835,8112,0
1410343636294791172,2,104
1410336190914433029,1,87
1549800076557443072,331,5297
1410274649859006467,8,1441
1410034270043738115,1,165
1410028049374928901,6,793
1410025238537015296,5,1321
1410023129397698564,2,1647
1410022309046353923,26147,175024
1409960545667534848,1,56
1409959399532032002,9,738
1409937101450186757,1,31
1409920221364711432,1105,0
1549519698173333507,7,770
1409917185066094592,1,30
1409908051943981058,1,383
1409905755256356873,23,1377
1409904708618133505,1200,26520
1409586618491498497,3,293
1409585581298909184,136,12811
1409544422061080585,3,907
1409543381013856260,5726,76560
1409368178195525641,1,7
1409173162433007618,4,1124
1549518725463900161,5,998
1408551477669351425,3,160
1408550087307890691,808,17457
1408495106408124416,2,167
1408493146636316672,1,94
1408489735442485248,3,349
1408488530226028546,1154,13656
1408198506574016512,466,0
1408183849033494535,2,17
1408141124296843265,1,111
1408138377099051009,5,527
1549518423352393729,0,320
1408136152771489792,1,108
1408131690350866433,1,253
1408131292739166210,2,297
1408130769285832706,1376,12095
1408108292576976897,4,259
1408108085554520064,451,0
1408093594322276361,1811,0
1408092869789818889,4,732
1408092013573021698,2,473
1408091545044078603,10064,90072
1549518221128208385,4,290
1407718443810394118,1,9
1407381008312258560,5,988
1407373725465337864,2096,0
1407369183084511233,17095,164086
1407136109100879875,5039,66971
1407036163186102280,769,26348
1407034486232125452,3,41
1407019818587332612,2,33
1407018553669132289,3,38
1407016417711386626,1,21
1549518140907872257,0,384
1407014444933140481,112,2711
1406661455739461632,1,96
1406660564797976577,1022,27246
1406658418673274880,6187,90187
1406653916914225154,4,211
1406275433167921153,252,14962
1406022807071297539,4,118
1406014198803419137,131,0
1406014021367582720,3,118
1405944963494338562,3,9
1549517782479405059,0,350
1405944382138638339,2,31
1405944359158124547,38,0
1405941362566987783,32,3767
1405941069615828994,802,14387
1405923057999380480,1,206
1405921995124928517,1,11
1405921769328758795,3,89
1405920397074178059,390,7828
1405910098224979973,2,200
1405715989329715204,58,0
1560309695805399041,0,361
1549517211567620100,5759,101741
1405682057058033666,2,42
1405681810042802181,2,454
1405681313974132737,3669,67526
1405664602319253504,1,9
1405635627358461954,187,0
1405578348617633795,159,0
1405578298776686595,1,20
1405571755297546245,147,0
1405562888513748995,56,0
1405562753310359559,42,1563
1549486885415702530,0,431
1405562749019574277,244,3394
1405562657227251712,504,15326
1405328097830789127,1,337
1405326139162198017,2,44
1405324621532995591,3880,53563
1405296625774333956,4,1547
1405283333232152578,1,495
1405272147807805441,309,0
1405270733681414144,1447,39952
1405215146935414784,1,49
1549441715060211713,0,88
1405215050894217223,74,0
1405212078902702088,1,52
1405208460002676737,3,150
1405206763725475840,55,1296
1405206758004461571,64,1521
1405206647455162374,386,9629
1405186588884144131,1,7
1405175521932050437,9,694
1405170912375173125,12966,0
1404967434403028993,1,13
1549433358110711808,0,374
1404962016020766723,183,0
1404947656267370500,14,962
1404946437905936387,1512,34067
1404942452201377793,1,18
1404912918626406400,280,0
1404912891510149120,106,0
1404877952857165826,93,0
1404870453823377408,435,0
1404848087944757252,1,259
1404838347470635009,1,60
1549431528509345793,0,582
1404838255456002055,49,0
1404837102076891140,62,0
1404834582583660544,163,3179
1404834578192207878,129,3293
1404834492519387136,693,17825
1404655864791801856,1,15
1404601357399511043,11,1134
1404600307573690370,1460,37878
1404562396937527302,392,0
1404550108503416836,251,0
1549431115278163969,8844,147561
1404535178446262273,4,113
1404531365710688256,3,615
1404530951057645571,2466,35180
1404529270253256706,7,464
1404522058982166532,1,3
1404519989177032704,1,81
1404513255628840960,1,35
1404513190919118850,118,0
1404510467171651585,2,11
1404504370251665410,77,0
1549424775705071618,2,171
1404503465280229377,3197,60150
1404497601957810178,4,1018
1404490673408024589,2,328
1404488082829635591,4,218
1404487926688325633,172,0
1404485314131886082,234,0
1404479503619870722,81,0
1404478585411305472,3665,19585
1404476204137078787,1808,12493
1404178822413512704,28,4492
1549424748920176642,80,0
1404174912332308480,78780,371431
1403481797799735296,1176,23605
1403423650858999810,3,915
1403421050168242176,2048,25735
1403148839993843715,4618,83880
1403024327876874240,1,12
1402431373785190408,5,1346
1402418307530072066,3,279
1402417363975229451,2,145
1402416938152730627,9326,136000
1549162024051040258,4,899
1402326262094262273,1,126
1402326199192276993,1,164
1402322032054849536,1702,33038
1402005406310797313,6064,79379
1400928476111069188,1,332
1400928165573185538,1,188
1400927883971895297,1474,30293
1400920918549954560,2,77
1400881632731549702,1,177
1400880386268295168,1,111
1549161235505094657,3,1019
1400875825692508160,1,76
1400875214318182409,1,249
1400874504792903680,1588,17479
1400641168921092099,34777,0
1400580132872482819,4,1220
1400579943826747397,7,1737
1400578884572114947,6673,101467
1400552322237820928,4,28
1400147542197874689,1,121
1399870061603655680,34173,250528
1560308688530935809,7944,135302
1549160224690405377,0,667
1399812550204833795,1,25
1399807684837351427,1,203
1399807587059707905,1435,0
1399789851197726723,2,939
1399789000521654274,2,213
1399788348475154440,5140,57044
1399763108860776449,21,793
1399761220538978308,1,135
1399761039391080449,2,301
1399760750697193472,1133,22706
1549159662590763016,4349,66826
1399753652185800712,1,166
1399069524356382720,2,33
1398682656611528706,4,558
1398681262143856650,4794,67403
1398412766189260801,1,102
1398406579733499905,1508,24858
1398368218868195328,2,163
1398364312775794689,1792,20243
1398313501324496898,2,119
1398298090604425216,22,1628
1549154364719349761,2,940
1398085572527202311,3,770
1398084936024821761,2,1114
1398084477969047552,8668,139180
1397704627936583681,6260,70351
1397592817065627650,3,34
1397591393598574599,4,678
1397589115034505221,7793,78585
1397313203311288325,2,41
1397297041894559745,1,12
1397254231535456261,1,76
1549071255030022144,0,406
1397244229328515084,2,327
1397243691903946756,1407,29292
1396972355130429442,5,499
1396969679965638662,1,612
1396969503003664385,2,723
1396968827590696963,6610,90085
1396609181248102402,21,410
1396575799155777539,1,232
1396574113737609216,2,172
1396573930547200000,203,0
1549070948028092422,0,13
1396159650253484033,6687,71037
1396134370986102787,1,83
1395873183287418885,1,42
1395871203919900675,4,262
1395869847658147843,2,157
1395868914777829378,1005,18771
1395818192333856768,4,409
1395811782820773896,23,2272
1395808966698053633,608,16960
1395806403353354253,2753,28806
1549069388481007616,7,1204
1395532763999129600,6101,94797
1395110587068084225,1,54
1395110127196205056,572,11616
1395108510086492162,9776,101420
1395046597747036162,1,96
1394686695786749961,5,396
1394685494571659265,2362,38426
1394459640490913792,4342,79157
1394334379657203712,162,11231
1394332233918414848,8254,90122
1549069010360320008,1,738
1393999775146512384,1,8
1393995603990831105,893,20874
1393294333718106114,1464,26126
1393251301526413313,1566,22121
1393062101292249090,6,695
1392647233334509572,3,162
1392633863902400513,16,1888
1392632690239631360,9064,119228
1392521732771127298,14,1964
1392520795730046976,868,14823
1549068806357716994,0,196
1392239312557666311,2995,0
1392205376955682816,10927,107408
1392165507671879685,1,6
1392164274441572352,1,102
1392156842097209347,1,158
1392155613971369986,1670,31732
1391842484708282370,1863,24612
1391799984459161606,16284,0
1391799886463467522,7179,116432
1391477642285645829,8983,94106
1549068580150394880,0,522
1391129694280372225,82,11791
1391109197241061387,6916,135074
1391065254897930243,1,4
1390800799857483782,3,119
1390793153670680582,1,177
1390789238594019333,1488,24001
1390713812458692616,1,74
1390709287484149766,9,428
1390701817051246592,11,1102
1390701530303451138,1,183
1549068371680825344,6,1607
1390698853800677383,2422,24486
1390073364929159169,3,427
1389986021266186241,12,2184
1389981696129265670,12709,151151
1389732027050594309,4850,84463
1389681717779189762,3,651
1389681178815303681,8064,82420
1389642458535890947,3,169
1389637846227578882,5,491
1389628707388628993,1652,33668
1559940167284051968,60,0
1549067997708517379,7003,149470
1389309701905543168,6,1999
1389309092754190336,12345,162290
1389308728478822403,1,8
1389280018543435776,1,63
1389270946620395520,2,7
1389267576169975808,2,153
1389259507029614597,1,114
1389258558542204930,1,72
1389257778267529217,1,153
1389257251865587714,4,295
1548355462575185922,0,7
1389249499504078849,311,7581
1389248593442185220,1681,29375
1388619370935459843,1,284
1388618357910368258,3817,56571
1388565678139985927,1,12
1388557847349268480,2,264
1388552246002999296,134,2497
1388262765509234689,1039,20677
1388209333641486336,23,637
1388182741569609730,1,90
1548353268358623232,3570,69283
1388175224487616521,2,432
1388174738036457475,2474,29431
1388152855022825472,7,200
1388152742493917186,2,192
1388152697593896968,2,32
1387844691866001409,2,270
1387835584366796800,7761,123983
1387803186203824128,14,609
1387561375656857602,8161,129434
1387438814738620419,12144,0
1548052347367985153,0,18
1387083436410556416,1,39
1387082833596874752,2,50
1387080122625191941,2,296
1387079235731288065,1779,26659
1386843070398754816,6,1137
1386842547234893829,14785,143675
1386808434503294981,1,135
1386727865954148354,4,1384
1386726849787535360,8659,73982
1386368566056783872,1,28
1548048555528445952,0,6
1386352653156839429,1,551
1386351259939004416,1,382
1386350630478876673,1673,37201
1386096246197088259,1,127
1386096198893805569,1,46
1386016330478882819,3047,47227
1385724212464263186,1,91
1385721692836696065,945,18149
1385698715499778049,1,44
1385694713051717632,2,91
1548039067115237376,108,4526
1385693585668861953,1,147
1385692054378803203,1686,17316
1385271274373402624,13324,133004
1385030859929972737,1,102
1385028992223252484,2,215
1384553696638357507,2,42
1384542245475418117,1,223
1384541236632059907,67,1746
1384541059967946757,1,165
1384539383622029314,2105,36324
1548039057640341508,479,13118
1384295475050803205,18,2867
1384295450845409292,546,0
1384294256559366148,13412,157453
1384241364062195723,2,22
1383165717487316992,3,39
1383160028970905600,1,73
1383157622338031619,1,10
1383157542642061312,1,431
1383156675360616449,1621,24358
1383125253992304642,1,129
1548031464024858625,0,15
1383123794315780100,1,25
1383117945442750472,1,383
1383116479743217666,1910,20125
1382807036639936513,48787,335189
1382733500743254017,9,1098
1382418939301425159,2,199
1382409319740698624,26,1432
1382403830495604738,8204,0
1382378524309262338,8,1586
1382119117348511747,39379,199194
1548012256343953409,4,176
1382042642247081984,3,342
1382010476209397763,1600,31008
1381693349380251651,46,3123
1381691777678123009,16,1143
1381647838564610050,61,1694
1381647160664489984,1,99
1381646679791661058,15774,129074
1381487503174103041,3,133
1381466259104034823,3,52
1380980153065426945,756,7402
1548008182726873090,0,13
1380979063863472129,13653,155979
1380626971080544260,3,137
1380626117996900352,1693,27803
1380596993924374529,2,214
1380580780531978244,1,194
1380578941635731459,1,115
1380577934419795968,1358,18806
1380547294420893699,1,16
1380526946535174145,1,235
1380298148501807106,11,1036
1559938968820494336,0,675
1548002803200577536,0,57
1380293325182279680,10995,95848
1380194392384790529,2,162
1379974236337446915,1,25
1379942195168387075,1,35
1379939420804014083,1,72
1379847183353008131,1,86
1379842422557999106,3,268
1379835469458939904,1,123
1379831207861518338,1,78
1379830432741531652,1,433
1548002666659205121,0,53
1379828884217077766,226,0
1379827981439279108,2,21
1379826355647340544,99,4304
1379826348559015937,161,6716
1379826340346535940,691,16984
1379596868229898242,2,300
1379580182080626688,1,129
1379577998823714816,1,135
1379573139428941824,14,1481
1379570885435133954,11,1713
1547993639611052034,0,9
1379570601464012800,18,1268
1379569702708518913,870,16623
1379545934443384834,2,565
1379539514821988355,14763,124763
1379504823372902404,4,153
1379457884585484288,82182,0
1379163851061481472,1,392
1379160384964231170,2,343
1379115726145875968,6161,115230
1378849470444531713,2,43
1547989824589598721,0,17
1378843789398171648,7,180
1378378223369682947,1,17
1378102112035303425,6,502
1378101073169117189,1,185
1378100130771992576,1,206
1378099386719211520,1,272
1378099328657420288,1,440
1378098866755538945,1467,28424
1378065830802382848,97,4417
1378062021887844352,2,336
1547987282266730497,0,81
1378059249503203328,1733,54230
1378050165613895681,1,79
1377767502223089664,20598,0
1377701974318047232,6,1215
1377701798216011779,5,1105
1377700649752616960,7731,84063
1377659700590768131,6,2973
1377659341256286210,6295,0
1377655624821956611,24113,215194
1377641754078240769,13,626
1547984938531573760,0,23
1377640993525133313,106,5638
1377310135039664129,1,263
1377292624109785092,3,990
1377290827693584394,2,582
1377290229615235076,6769,95722
1376988731584876545,37,2665
1376986689248227329,27938,161437
1376972477696339969,30,2053
1376964504139927558,2,369
1376685678444965890,6900,115196
1547984058143031297,0,67
1376669266863263744,2,94
1376592452178509825,0,77
1376565773443891204,169,13195
1376565771447365633,1747,44997
1375903353377419267,180,8865
1375864383839076355,13,3126
1375863647788953608,1934,18967
1375859044498300932,22729,174882
1375534602970882051,1,184
1375534490223833092,1,159
1547984004372058112,0,28
1375534121955561478,792,16893
1375488295526752259,2090,30191
1375165326887804931,0,256
1375164655161597954,49,4412
1375164229259460610,16249,144372
1375156167685545986,0,190
1374892451161276419,0,1293
1374881403674918916,2911,0
1374880828174397442,0,260
1374880442197807110,9,1739
1547982476252835841,0,23
1374880228829392897,15882,167090
1374759097254375427,1,118
1374757704841842688,8,437
1374753186255278080,894,19519
1374483924970213379,0,69
1374481608946814983,0,59
1374481509772500998,10,875
1374481058985512962,0,174
1374424500628979713,10,1796
1374421748544770054,4,419
1547982284883537924,0,43
1374409885702483979,2,257
1374409790831521792,0,39
1374406427486285837,0,190
1374402630294761474,0,56
1374398516177498119,0,64
1374398390574796804,0,121
1374396651868057600,21,3096
1374396393448611846,0,57
1374396326813704197,0,81
1374394933273010193,0,117
1559938880505319425,0,454
1547980128516390914,0,106
1374394694487076866,1,211
1374394438999404554,9,859
1374393578412068868,6,1520
1374393360492818439,1,82
1374390617036316674,3278,41284
1374148917013532673,7956,85736
1373783722881810433,212,3564
1373135556528406532,83,1241
1373022636834385920,0,9
1373022565334011906,0,105
1547978555560079360,997,13530
1373019877179498499,3,379
1373019664544985089,3,151
1373019160083525632,1479,25798
1372992584117755904,0,71
1372990840407093248,0,2
1372987558196441091,0,312
1372985797209595909,1619,17895
1372954922929451010,7,609
1372937045107179535,9,1288
1372744628974186499,268,0
1547764736757940227,0,152
1372686751362256898,10,2830
1372669344581251073,31,2506
1372668221422063621,20239,202480
1372314101351735299,0,49
1372278957161082881,0,53
1371981482139389952,1,483
1371980335567695874,1,506
1371979521184821248,6,788
1371979064227995648,4906,69352
1371862020568489985,0,71
1547736405446516742,1,449
1371861289547395075,25,2557
1371855267571277824,5,413
1371854148799508485,1159,21822
1371622056496754690,19646,150216
1371576183230361603,2,661
1371505371227975683,17327,181297
1371502155270529028,0,123
1371492718506049537,6,1783
1370894226356006915,3,219
1370843405845065730,99,2878
1547735674794549248,0,191
1370842269192921093,3623,57352
1370501334290460674,5,448
1370499238572879873,1136,21383
1370460843255631876,7,946
1370460268745039872,0,151
1370458581376528384,2285,29031
1370222637025136640,77,1893
1370180757994360836,13,1140
1370171823829049344,17621,198975
1370074829961916419,0,362
1547735335529881602,2,720
1370069079382401026,4227,46901
1369460950399475712,1,192
1369458535667408896,3825,65215
1369419998205247489,0,11
1369340034478972928,2,239
1369337865134481408,0,84
1369336683360104453,1,73
1369335996454608897,0,97
1369334533653372934,1371,20570
1369132090436902913,0,11
1547733433421402113,2,539
1369091402349436928,7183,86285
1368996022148419586,1,787
1368984479574814720,6074,93231
1367986147473858564,0,4
1367981429141872641,0,20
1367980957563645955,111,3765
1367943763507638272,0,304
1367943120906686466,1640,27843
1367886674387083264,2,90
1367884591831212036,1,123
1547731441429069825,5397,85790
1367884067966881795,1,203
1367882960406421507,2166,22591
1367868023546150915,1,127
1367598055285919745,0,39
1367550539387432961,1,457
1367217418804719617,1,656
1367216213915443201,28471,191730
1367186479613497346,27,881
1367163714604920832,0,179
1367160747088781313,0,438
1547708099150024706,0,419
1367160218337959941,1018,18349
1366841229804138497,2,337
1366839196611084289,1,649
1366831649690816513,7559,103508
1366828725367541760,0,70
1366805804641230851,0,155
1366799341722079235,1,353
1366798511254110209,0,112
1366798205615099905,2,116
1366798193518809091,121,0
1547691272483139586,6,491
1366797703234031617,1135,20390
1366474348496785408,7,1358
1366473590477000704,5511,95768
1366185848828387330,0,75
1366060219176902659,3,110
1365423820157280259,1731,30940
1365368942756130816,1529,19277
1365173946790780933,0,246
1365104406123843585,9744,104812
1365023732926869507,3524,27267
1559935844848377861,3289,75151
1547684088760307712,0,6
1365022090265387008,2,35
1364997020784689165,14,2488
1364996964262187009,3513,0
1364984919663857665,9834,0
1364971588098027521,18906,129787
1364749925423058948,0,139
1364748479742926849,1,689
1364747733471432707,6014,74932
1364626799519428613,1,16
1364626654375514114,23,2313
1547671082823323652,121,9247
1364377622130565121,7776,79085
1364311432758652935,1,33
1364260509281755136,0,535
1364259886767345666,4575,64781
1363903646027583488,12461,144626
1363228497217417218,6365,92242
1362950114961027077,78,3296
1362834042308108291,260,4929
1362822150743236608,2,343
1362819723734315008,1944,36561
1547668886501265408,148,11192
1362819639340752897,0,2
1362818937000370179,0,4
1362641437397975040,0,3
1362491931889074177,53,1652
1362453720571670530,1,809
1362452935385382917,7083,107447
1362211999699005440,0,85
1362205507759443968,1456,17535
1362190162797600768,1001,12752
1362177903090229248,2,90
1547668805161082880,6612,0
1362177838170841091,134,0
1362177139815030788,0,116
1362175150930624517,1001,12657
1362171925858934790,0,20
1362161799127175168,167,0
1362161291259879425,2,316
1362160002811629572,1778,19260
1362153494971441153,238,0
1362150112558948354,1,582
1362144839714836481,1272,15197
1547662677727555587,0,77
1362131372047884292,148,0
1362129783916662785,1213,12219
1362123425871851521,0,28
1362116024997269504,145,0
1362114676075552770,1367,17248
1362100278586056704,0,185
1362099715303596032,1185,12893
1362084549170094082,1030,12770
1362069386895400962,1414,15145
1361864096270807042,1,257
1547650616318562305,0,85
1361862351914299394,0,214
1361862115502383109,3,258
1361860276463620096,2,155
1361857839082266624,2888,30770
1361729171215372290,0,86
1361495299043196930,0,143
1361494503689916417,0,542
1361494023303651329,8395,113886
1361395345318580224,1,35
1361394039946289153,0,32
1547643336600612873,0,97
1361393480639995906,184,2138
1361367301287796751,0,411
1361359672804974606,8317,117193
1361125465658810369,0,12
1360817585667805184,5,715
1360654317028446210,0,65
1360645417365504003,0,50
1360355230454403073,5,226
1360354811468648450,0,207
1360353987967426564,1587,25553
1547639827629162498,22764,0
1360291753375375368,0,232
1360291458230546439,2,733
1360289354124431362,1,110
1360287006450798592,2422,22357
1360271620548349958,0,144
1359679958361075712,7576,99219
1359625314377166849,0,6
1359591075824824321,0,216
1359591046481498115,1050,0
1359569830303604737,8,324
1547623471856832512,1,301
1359568270529974276,0,19
1359567521205035009,25526,160126
1359318898152071169,3,1267
1359316391371931648,2,619
1359315207089082371,5,2390
1359314491775754246,11632,137366
1359209329425960960,0,96
1359207710420471808,0,149
1359206450606706688,1420,26300
1358956405047234561,5315,93472
1547621285588373509,0,183
1357802119919620096,1,320
1357801528342450176,1809,30994
1357756124141744130,0,31
1357749977984815105,0,116
1357748657638936578,3,257
1357747271220174848,1577,21420
1357415241022205952,0,462
1357415078832664576,15,1856
1357412785995407360,6719,74336
1357149782368686080,0,259
1559671248166207491,0,276
1547616337194668036,0,243
1357148961555902464,0,744
1357147774039457792,5809,78703
1357016648197148672,1,516
1357015654847574016,5002,85013
1356785542541701122,23067,143842
1356770717149196290,11,1716
1356671270750883841,0,36
1356658386520002561,0,63
1356657558933577731,0,150
1356657386149212161,0,105
1547612068018237441,9,1634
1356650939042566144,0,53
1356650491569086464,153,2800
1356650173326262272,1,500
1356649832434159616,1941,35770
1356422034436186112,1,720
1356421067871379460,6725,89396
1356298795676393472,3,886
1356296682615361536,2,157
1356296307598524417,0,479
1356295882040172545,15959,135982
1547610932418715651,17431,127376
1356057303749812226,120815,0
1355650391849881600,8,2563
1355599290119278595,2,738
1355598945594970112,3,976
1355596069585920001,0,982
1355594089253617664,9262,95391
1355282591297925123,5,1241
1355281177674883073,0,53
1355279253672132608,0,755
1355278991851053060,0,974
1547353090814353408,7,1132
1355277325324087298,2367,37611
1355212116630728704,4,1025
1355211211252531202,2462,24591
1354847967023222784,49318,0
1354847149578539013,0,17
1354606767087382528,16,1053
1354604038688362499,1,285
1354601421706915842,4937,75291
1354596729044180992,0,2
1354535316162416640,0,2
1547351327998676994,0,453
1354531100723306499,0,6
1354503125516787712,0,257
1354493970328342531,0,5
1354492909286920192,0,39
1354491935642116098,5,338
1354488694611173381,1,37
1354486948274921475,1,16
1354485173786603522,0,19
1354485080731701248,0,20
1354484356501258240,1,14
1547350666313666562,9109,141057
1354484268429262849,0,48
1354482497581551619,1,7
1354480691833049089,104,4138
1354480691099037699,75,3734
1354480689865875461,474,10484
1354200576406380545,0,5
1354171881100779521,0,63
1354152388702003201,0,607
1354152301221400576,0,804
1354151840967876608,9596,111228
1547342215214686208,4,649
1354120909842386944,0,4
1353774098686435329,3,982
1353769737616953344,37,1074
1353769294362857472,29,4247
1353759610553819136,4904,0
1353756055117864965,43902,233632
1353032756675059713,0,348
1353030683132743681,0,412
1353030626627133440,7,1390
1353030002208428032,7541,78112
1547259579460984833,2,307
1353021554297249792,0,11
1352702194009600001,1,163
1352699915349053440,0,116
1352697592497332224,2675,34672
1352351189006839809,1,160
1352349786465177600,5,803
1352349309321142272,0,224
1352348906168877056,8343,95666
1352310555126636546,6569,88137
1352042825735495680,0,11
1547254428809445377,0,35
1352017380935811073,0,20
1351948833459113984,0,25
1351947096606208002,0,144
1351946568203599874,776,12187
1351701521239404545,10100,117228
1351412801101725698,2,68
1351214538755100673,3166,0
1351213691325308933,5,1708
1351212596632969219,19898,148378
1350162959146704896,6,553
1547254331480702976,1,315
1350162745199497216,0,107
1350162217895772161,0,80
1350159975713181696,2420,28708
1349897139866910721,10363,109257
1349773597527601153,2,1064
1349772841772752898,1,854
1349771275762167809,0,367
1349770556673953792,4777,77502
1349518575740960769,9,109
1349513307682611200,245,0
1559670134687813632,0,387
1547253821751136258,2,651
1349194311892570118,0,16
1349046130789601280,0,637
1349045581897875457,5,1091
1349044790571122688,9824,133814
1348781777175736320,7100,101938
1348744016699957250,3875,74635
1348674965483122688,1,204
1348434528725975040,6190,106431
1348425646259671040,0,6
1347749847101706243,0,46
1547253076087783427,4157,65924
1347619405027397634,2219,28192
1347359086766026754,451,17313
1347276867410173952,1,43
1346624024542027776,6,1128
1346623234905501696,3,1052
1346622713490677765,6186,114924
1346603611736875009,0,11
1346345528624234496,2,40
1346268528387624961,0,245
1346143855972818944,0,15
1546989533421600769,1,324
1346143029363572742,1,1293
1346141573218668544,0,16
1346139943928647681,15123,166577
1345149691462184961,2,33
1345146523533787136,1,102
1345144159431139328,0,51
1345143283949871104,2034,19647
1345065385087758336,280,0
1345061801117982721,3499,22682
1344818045227651072,0,905
1546987797952823297,1,244
1344816804716187648,7284,110849
1344448719266091008,1452,18827
1344374621374566400,382,4911
1344349203116408832,0,157
1344349084656680962,558,0
1344342520096985089,81479,226736
1344340424035508224,381,15975
1344092494749786114,1374,15217
1343722755032662016,0,697
1343718128744689664,21053,172064
1546987478548094976,3795,65697
1343698141950791681,0,15
1343695614240952320,0,27
1343610665815089153,1,422
1343609908269260801,12,494
1343608985476165632,1440,30938
1343384743828541441,4,131
1342600851622268929,175392,0
1341911502492561408,612,22260
1341521717886210048,0,448
1341521591344144385,2,573
1546978343618215936,1,42
1341521347969630208,1,633
1341520979525169153,3776,74227
1341454402318561287,140,0
1341435751905415169,55,0
1341434722891624448,0,683
1341433779257110528,0,274
1341433431217991681,1,540
1341433394131922944,0,608
1341432878333190144,1290,32875
1341222318094262272,0,74
1546978112205950976,1,9
1341173909085798402,0,140
1341171060092256256,0,29
1341168233240436736,0,48
1341156798414381058,0,46
1341135653078138883,0,46
1341133853738508288,0,45
1341131972677042177,0,31
1341129410447994880,0,92
1341128097014243328,0,73
1341119876505595906,0,59
1546892137333137417,58,3203
1341107199414714369,1,76
1341105048458129408,0,112
1341101519806971904,0,16
1341100007596814336,0,822
1341098227345412096,3,1457
1341097067305824256,0,55
1341096579172712449,1,240
1341088375302807552,0,67
1341082588031565825,1,103
1341082446922620933,10,1165
1546892128038666241,46,3078
1341081774638604288,2,384
1341080464946126848,2,575
1341076445917933568,1,241
1341075251610800128,9,1754
1341074908160294916,9,3109
1341072120294469634,0,44
1341071336991465472,2,67
1341070318505394181,11,1543
1341069469410476032,0,703
1341068977015943168,1,37
1546892119775789056,329,10800
1341068849257435136,0,283
1341066526011531264,339,5621
1341065909448806400,4218,28093
1340824933966831618,0,29
1340824381346365441,17102,214373
1340388428706238471,1,10
1340387199284436992,5371,83906
1339768214088077313,0,41
1339344205827559424,0,1115
1339343868907507713,0,1136
1559667323585249281,98,0
1546659416497221632,8,734
1339343288000684033,19594,162432
1339342924455145472,1,175
1339328982173376513,1,62
1339308676218175494,2,72
1339293585854754816,0,32
1339280523743543296,0,19
1339276090150322178,3,31
1339273686033989633,4,90
1339273557390462976,0,48
1339271748722642947,0,18
1546653669344493572,5335,77615
1339268922235736064,1,16
1339262779883102209,0,93
1339261936177844224,0,31
1339260932619288576,1,78
1339258912009154561,0,77
1339257604799774722,0,102
1339252321490878464,1,122
1339251607872028672,4,663
1339248955821940736,4,1133
1339247738169356289,2,398
1546593533804658691,0,99
1339247672037785601,326,0
1339247522011697152,6,1380
1339246658282868737,1629,35854
1338638247673483266,10105,160073
1337827298062450688,3,716
1337826274148945920,3138,61955
1337489381423136768,0,281
1337473459610296322,0,131
1337472187448475649,0,443
1337468848367230983,2128,29197
1546591527228538882,0,43
1337425611065675777,1,13
1337214874355568641,7362,0
1337167711042904064,0,458
1337166053084864512,1,480
1337165654198087681,1895,25879
1337081569832419328,0,234
1337081534684168193,2,431
1337080625489014784,2638,62743
1336839525964816384,7508,112797
1336829979133276160,1,31
1546590990617690112,0,43
1336505979991543808,561,0
1336484992663179264,0,5
1336484775918374914,5185,90324
1336362456684195841,2,455
1336362001870725125,1,636
1336361894341316609,2,935
1336361763307065344,0,335
1336361298368495618,6461,102518
1336126692645949440,0,490
1336125907195420676,0,310
1546590848611229697,0,34
1336125680707280896,5195,88277
1335009530250289153,1,130
1334923525560225792,242,0
1334910981990846464,1,15
1334910242526699520,0,419
1334906042010935297,3083,19938
1334670677010354177,0,258
1334666621948813312,0,392
1334665379809878017,1,964
1334664246425096192,0,536
1546569854001549313,19,0
1334663758396805123,1520,38282
1334651294573682689,3,789
1334619391426658304,2,445
1334618187405557760,51,2139
1334552509306740736,0,88
1334546844404207616,13963,154744
1334351846521991169,0,3
1334310724886118406,0,76
1334307748226293760,0,69
1334185724808024065,5,795
1546565661387882497,0,78
1334184862203351040,689,18296
1333948256250806273,4173,0
1333946586636849152,26428,230676
1333816120340410368,3,220
1333816081576648704,207,0
1333578300619296768,6112,112669
1333485024264425472,5797,82804
1333127735854596096,1,1324
1333127665012797440,600,0
1333084850190913536,1,130
1546565333116395521,0,138
1332773394794696704,2,1267
1332764426294988803,6545,102852
1332717521724604416,1,5
1332512489783717889,3,304
1332512387157487616,218,0
1332403757439610882,190,3871
1331674386579931136,16001,0
1331459383637643270,7,475
1331403799454306304,1,1120
1331403462681083909,2,1218
1546560214136020992,2,196
1331402322321162240,23898,182379
1331284551658655747,7366,115634
1331019789972606977,31,1196
1331009600833765377,1,137
1331007643020718081,1,24
1331007410882842624,340,7183
1330927984035840000,4,546
1330927442798678016,4686,83802
1330922766829187072,1,9
1330678655995965441,2,311
1561040213606277122,638,11284
1559666056720834561,0,211
1546551238078119936,0,64
1546549131945975809,0,75
1546546142552498176,0,94
1546545243918516226,1,236
1546544930000179201,0,105
1546543917226770435,0,150
1546542212133126144,0,121
1546541749350420481,0,222
1546540989493411840,5,361
1546540837848223744,4,523
1559665497305518080,1,357
1546539819962142724,1,152
1546539202438889472,1,152
1546538924004319235,0,62
1546538788251377664,0,185
1546538243025420288,3,406
1546535576387653636,0,97
1546535185583415298,0,281
1546534467220676609,0,321
1546532711216492545,788,14785
1546531288307441665,1,263
1559664455075500038,4205,67711
1546530862501691393,1,449
1546530407469838336,0,173
1546530242244014080,0,17
1546529552473530368,0,214
1546528192382390273,0,98
1546527998735659008,1,555
1546526933503987712,9,1415
1546525947230203906,8,1669
1546525591393927175,387,6077
1545928088420200450,0,238
1559577657129373696,0,208
1545927710974701568,1,378
1545925218517913601,2156,44487
1545514136397705219,3,121
1545505034418278400,13,304
1545490958535442433,2,97
1545487994311700480,1,407
1545487028720222209,68,2490
1545487022067965956,881,22379
1545446415286996992,434,15552
1545444706284294144,0,3
1559574694679814144,3,266
1545444559311630336,0,2
1545444450519855104,0,8
1545443736766754816,0,2
1545443240601477120,0,11
1545441688541229057,0,1
1545441473847382016,0,1
1545441089858854912,0,1
1545440624786100225,0,2
1545440108328787968,0,11
1545439541217021953,1,531
1559573632040534016,604,15185
1545179892005982209,1,153
1545175847933444096,0,415
1545174680386125826,1,454
1545174281914425344,3,702
1545174076599291904,0,395
1545173568920616962,2197,46636
1544818246729097216,1,458
1544812142288728064,5722,75361
1544744399837741057,2,629
1544741222551527426,5,647
1559306408486584320,226,0
1544740197358788613,6,946
1544738835053019139,2102,30918
1544690266615029760,0,27
1544450802688954368,1,428
1544450266501636099,2539,45546
1544363765474394116,0,395
1544363557726339072,0,264
1544362271744446469,5,477
1544361199067975680,7724,93143
1544351239844278272,7,669
1559305131287384064,4,316
1544351164137115648,264,0
1543754310969741313,26493,0
1542967925593841664,0,14
1542966151763853315,114,3344
1542966145220808704,900,23908
1542938899617554432,0,46
1542931618544877570,1,212
1542929749634420740,784,13344
1542924159638011904,0,17
1542653200607617024,2,602
1559303667320176642,2,347
1542652700596359169,4,609
1542652116640096258,3,907
1542651426454867971,2,506
1542648218244243456,0,209
1542648147310268418,0,102
1542647737572900864,0,252
1542647498703077376,0,308
1542647427903229952,0,294
1542647030291615745,5852,115913
1542551643958419458,20,709
1559302439085301760,7549,95624
1542550639863103488,3358,0
1542519810847694848,6,812
1542276552582381568,0,118
1542272395083489281,11,2612
1542271597159088130,1493,46224
1542270838002565121,40463,448820
1542195214449872896,0,1153
1542194806998302720,1796,42307
1541909583714693122,7,989
1541907970862321664,4562,73158
1560716649702969344,0,14
1559221641502044160,1,10
1541817631711313921,142,4973
1541817623515725825,77,4839
1541817616716677126,42,3281
1541817609716465664,674,19028
1541803105418784768,1,781
1541505347151470592,5,1797
1541488807383486464,48,0
1541465668087730178,2,176
1541462162907926528,1,382
1541461006357958656,368,10163
1559219440381616129,6,220
1541460442802839552,2465,37109
1540390158825947136,6248,0
1540106067316596736,1,414
1540102640008237056,0,12
1540102240387489792,24368,295471
1540016533040205830,266,0
1540016459216207872,1,204
1539741252240932864,0,66
1539738041371205634,0,75
1539736965100326912,439,12013
1559215840494440448,58,0
1539735911759593474,2311,36312
1539682534769950724,0,428
1539681169767337985,0,799
1539679804785512448,11139,158898
1539390006531436544,1,335
1539387089162317825,2916,47705
1539354226165432320,4,868
1539351946489913346,2164,29499
1539332931570831366,5,688
1539283933233283072,4,218
1559215347990921216,0,10
1539279873646075905,227,0
1538210153702359040,2354,29637
1537886180703760384,0,187
1537876119508111361,82,2997
1537876110742110208,899,19998
1537849785658626049,0,291
1537843839913889794,0,136
1537841310115274754,1085,11821
1537567326048030720,0,604
1537567125652443136,0,314
1559214275712888834,0,294
1537564751395311616,7228,116679
1537502097008168964,1,341
1537501912920166402,1,101
1537501886777110528,98,0
1537501311309975552,0,125
1537501225863749634,25,1891
1537500540606812160,0,81
1537500519589093376,1271,14996
1537199553727713280,1,291
1537199013514158080,1,423
1559213646483312641,0,301
1537198953535401985,0,290
1537197544433782784,3296,61946
1537119681575886856,10074,120474
1536850294893576192,1,140
1536850062298554370,0,263
1536849646189809664,3607,50064
1536762665477062656,2,15
1536757775748976642,6271,95321
1536492561535320066,1,525
1536475779273478145,4,886
1559213313380139008,0,236
1536475169849499649,3,771
1536474943373955074,1,268
1536473727319302144,5086,58618
1536148072278896640,0,15
1535386837576953856,1,110
1535384593791979520,4,569
1535384400208093184,6,478
1535383919373086720,8,692
1535383012392595456,1819,52565
1535298176483090433,96,3285
1559212278318149635,2,459
1535298172007813120,816,20872
1535037876823412736,4730,85291
1534943032021221377,12,1427
1534942958662963200,764,0
1534680291813470208,0,375
1534676637790261248,3593,60387
1534578659465515009,1,540
1534578090675798016,988,0
1534576573906661376,1,762
1534576115444072454,0,70
1559211430536159232,3098,62392
1534574982474375174,6,818
1534574411193454592,5128,76604
1534299268328083456,3,681
1534298492428070912,1,555
1534297806248333313,2391,49815
1534216546314223616,0,257
1534181824464838661,2,651
1533959273360678913,4,414
1533956837166432258,3,503
1533954847279570944,0,143
1558518527073521664,0,258
1533954568861626368,2,676
1533952949931548672,4751,90258
1533853343562489856,3,1787
1533851475893420034,3,916
1533848520138039298,11794,170389
1533841323236569088,3,519
1533500212446056448,0,16
1533498470966784000,0,40
1532803400806670338,0,11
1532803105120731138,0,112
1560711864996089856,0,83
1558514296509804544,195,0
1532802105546784769,91,3413
1532802099049811974,693,17312
1532745283616096256,8,1532
1532446439326072851,0,242
1532445506072346626,1,651
1532444272473030657,7,1441
1532443664181510151,7498,105674
1532407742484230150,0,68
1532404180991848448,7,791
1532404087735537668,606,0
1558513552079458304,0,511
1532139666161344518,1,492
1532133235148197888,10025,132237
1531779396574453760,0,187
1531777382427656192,0,236
1531776897977225216,1,661
1531775644606074880,7831,122434
1531709537056595970,0,231
1531708428753707008,8,985
1531707381679370241,4,1160
1531706746367926272,3783,60321
1558510563826683909,4041,65499
1531671197490024448,3,720
1531671185590722561,1009,0
1531459878488682497,0,263
1531399550203621377,0,397
1531382791740346368,79,5677
1531381717465870336,5,718
1531380652720803840,7559,63217
1530951485827084288,19,1699
1530620630487269376,0,285
1530619551473274880,2066,30991
1558494131403378690,3,352
1530601648220909570,0,7
1530292751585013760,1,302
1530292311438917632,1,386
1530290164433424385,3333,47578
1530260823859310594,0,162
1530260751201492993,1,359
1530259971757289489,69,3108
1530259964115271681,749,19390
1529915924198871058,1,287
1529908242066841600,293,0
1558493383047278593,15,2145
1529906079475322881,1,302
1529898216321208320,4,1503
1529857656344743936,5,601
1529856451040133122,2,351
1529856450511572992,3,929
1529855293747757056,2533,59095
1529465593811726336,0,23
1529139702498041856,3,250
1529139204080402437,0,172
1529138771723268096,1316,23132
1558175937543421952,0,47
1528907116592828416,0,374
1528898323528069121,4704,71641
1528861827890814976,6,2060
1528775376633270272,0,102
1528774791703969792,0,147
1528773196144488449,1,447
1528772646250356737,10213,137967
1528085068492644352,3,376
1528074659685466112,6630,84867
1527738882460196864,1,329
1558170508067217408,1,303
1527734951571079168,0,347
1527734277462446081,0,277
1527732983112814593,101,4067
1527732978402611203,708,17331
1527721191586136065,1,31
1527712387372965889,0,26
1527704191078019073,0,99
1527702249207648259,0,124
1527700746459918336,7,646
1527699009229430785,3,323
1558169962044432385,87,3034
1527698554029977605,1520,19337
1527697119896690689,1,109
1527695946888388609,619,21165
1527507759523983360,0,50
1527506951050907648,587,24175
1527418860386648064,11297,158251
1527337268888756240,15,1158
1527087003824664577,0,359
1527079921905852417,5335,49165
1527048539783692289,0,327
1558169955748683776,879,26252
1527041506892304385,1,1842
1527040953697050624,0,627
1527040183455055874,0,593
1527039741966917632,5107,65854
1527021835618963456,10,1380
1527013495635599361,0,111
1527004486413209601,0,39
1526988134629552129,1,97
1526984486189248512,2,261
1526981972412751873,0,238
1558124309364854787,558,11284
1526980988571684865,0,601
1526979272103145473,5152,82967
1526653252606996481,4,2438
1526614795570511873,1,721
1526613645739687937,2,1132
1526612327092592640,1,577
1526611871503106049,5517,53456
1526604554082451457,1001,0
1526382697974595584,2,651
1526379191662350336,4,693
1560709576005074945,0,455
1557856661695389696,4,662
1526371475271593984,2,1191
1526352566409232384,3,841
1526349491938349062,3,1006
1526348617815977984,13224,228680
1526259814598336513,1,494
1526259622461509632,0,340
1526242355556261889,2899,42919
1525194687086268416,0,121
1525194020019965952,63,2985
1525194012273041414,599,15549
1557855187099824128,2,514
1525158059609407490,0,673
1525157328487649281,1734,27202
1524908336252059664,3,924
1524906741078675457,3,940
1524906359342239744,0,180
1524901443588657153,0,343
1524900792439742464,5176,73258
1524822281700012032,1,24
1524811316371894274,0,4
1524804597851865090,0,97
1557853791449296896,0,122
1524801416832987136,0,170
1524798817538695170,337,8049
1524540199228698624,1,332
1524539893141016578,0,423
1524538597038116865,11,1103
1524537296044785664,1,403
1524536100169023488,3794,44263
1524490090461810688,11,2495
1524426930510077954,1,23
1524425412134199296,0,525
1557853390016618497,2,227
1524424966799646720,3,1037
1524424109085663236,3460,47465
1524175512314155009,3,903
1524174012351500289,2,528
1524167516876009473,8252,96077
1524070369849749507,1,243
1524069530829524993,835,20368
1524044960978378753,2,125
1524038245432139781,619,23874
1523837145961574400,1,616
1557853164841316352,5,828
1523834751194263554,1,357
1523833367891832832,8947,161405
1523720663751528448,3,792
1522691492606734337,5,894
1522667709770743813,0,5
1522656127372177408,79,3227
1522656117851049984,791,19439
1522629833221718019,0,64
1522629545064484864,0,41
1522620432800657409,0,51
1557852264026361856,6478,81541
1522613799529943046,0,87
1522612518941691904,0,4
1522611043276627970,613,10221
1522361483945906176,0,42
1522343521268604930,0,354
1522340614104248320,8015,89419
1522276437822111754,0,100
1522268253153898497,0,146
1522266830664048642,1011,19741
1522050997715099650,0,168
1557773915350437888,1,323
1521945136183316485,0,244
1521944695777157120,3,755
1521941581279887360,7116,85682
1521921472733712384,9,1430
1521906668497510400,1,81
1521644959329267712,6,1164
1521639909244563456,1,285
1521637809697660928,0,506
1521636139328626688,3450,49374
1521537988844736514,0,241
1557772465455222785,0,324
1521537718177648640,0,362
1521536493533024256,7678,100153
1521209464623411200,1,517
1521169289671176192,6,934
1521166083528437760,6,1609
1521165156277002240,9672,140592
1520461078219567104,2,467
1520460414219218944,0,254
1520456310889754624,0,161
1520455300439977985,0,378
1557769289658253315,2866,48137
1520454684959420416,2663,60932
1520434012816257025,0,52
1520135253255352320,0,86
1520134879240884224,0,137
1520134783212437505,2,42
1520128687353573378,0,280
1520127454924480512,89,3348
1520127448452587524,825,24717
1520104721402445825,0,19
1520104717254156288,0,80
1557495713809833984,0,278
1520104344707866625,0,60
1520101773066833922,736,12547
1519853054064947200,0,26
1519843906807992320,8,1206
1519839304524070912,4470,57314
1519724656772538368,2,216
1519495338456870913,1,296
1519487763468406784,1,411
1519487429773709312,4,650
1519486783339126784,2372,0
1560708494067609600,3,595
1557494577417728005,1,272
1519485910517121024,3,839
1519485744292581376,4,759
1519482970821644288,12712,150482
1519373705922551810,5,957
1519048954461052943,0,157
1519048019039059968,0,8
1519045973309149184,1,202
1519045210965217281,1237,25922
1519020660499963904,1,751
1519020230491578369,0,290
1557493657212784642,2,407
1519017648956133376,3,1461
1519015795904315392,13309,196550
1518755283048144897,0,193
1518753761115525120,0,48
1518753102010101761,5,694
1518749243476905984,5124,79353
1518739233703223296,1,21
1518739000235728896,11,1122
1518657859440979968,2,69
1518282732521938944,1,485
1557492585874083841,1,309
1517557319596265472,799,0
1517556642161643521,2,392
1517555891859456000,1872,20983
1517277230216335360,2355,37121
1517199392385560579,9,407
1516994031670087681,3,848
1516993995372564480,61908,0
1516916513290264581,0,126
1516916330800181250,0,49
1516909420500119552,0,183
1557490061922508800,2085,41944
1516908784752349184,1,242
1516906817317658625,3121,49127
1516826788646854657,0,756
1516823689584844805,2,870
1516822908089290762,15214,115673
1516593464682553344,0,98
1516591608879222787,0,91
1516553421590990849,3,733
1516545262352797700,1,362
1516544615175888902,1,669
1557403858409623552,1,475
1516543349787869190,1,1199
1516541883375357953,13811,193354
1516451191089205254,0,44
1516447073855586309,18,1187
1516447011851153410,3857,0
1516426883461697543,2,92
1516222762930499586,2,778
1516201654348963843,1,468
1516201311930228736,0,196
1516200009938575363,12109,204001
1557401938655817728,1,281
1516135616924237833,1,10
1516134781238489088,0,46
1516129875379179521,0,47
1516125666013372417,2,317
1516125312463118340,1,727
1516124568460533760,7699,91465
1516121577045303303,0,119
1516104967534387221,0,111
1515115199870603266,0,13
1515058315381772289,0,355
1557400662136082432,0,601
1515057879308328963,0,28
1515056497352339456,6,1764
1515055695527235587,2,692
1515055307294093312,0,48
1515053223614156800,0,6
1515052111507214336,311,7147
1515052106465619979,2671,48146
1515019502181834757,0,46
1515015038691598338,0,140
1515013768308211727,0,45
1557399269979701252,4749,99921
1515010319755751425,0,2
1515010234154110991,0,83
1515004807219748876,5,464
1515002920567148546,1483,19630
1514728348290744321,17,605
1514725928303161344,3,499
1514725236855422987,0,333
1514724247381364742,2737,51205
1514341583822409729,0,181
1514337563993157633,0,414
1557131109661417472,1,294
1514337069518180352,0,540
1514335837281931266,1,71
1514332778963243012,7678,84603
1514060069507280897,2,481
1514039944683040768,0,9
1514037675069612036,0,371
1514035838685900801,1,463
1514035227257049088,3,519
1514032159245316096,13393,164357
1514032044925358080,241,0
1557130501625823232,0,454
1514031951987961856,0,84
1513963994893086721,11876,103640
1513918222726225927,1170,20347
1513667883280175105,3,674
1513642022640316418,3,569
1513640794921607172,3797,66048
1512871068310011909,3,385
1512867002204917760,8,1850
1512866541548695552,5481,71865
1512515968714612736,0,46
1560706916430462977,6,934
1557128185040576514,7522,98230
1512512942159261696,0,8
1512511609121521672,82,3574
1512511601483599878,522,15215
1512474727545155584,380,5955
1512474714064621572,504,9044
1512221585456910342,8671,135602
1512131864894476291,0,266
1512131393563856905,831,18009
1512122355190882305,8,558
1511865702394712071,0,595
1557054128580427777,2,574
1511862739764867077,1,631
1511862618272636930,0,44
1511861565003218944,11580,172778
1511751642277822465,58,539
1511750454656479235,3371,47415
1511424581482934275,487,7928
1511417670851186693,14108,114908
1511374369481658375,1241,0
1511155804237230084,0,148
1511087593013796871,0,970
1557048525019443200,4,848
1511084760793288706,7,1359
1511084265538142208,111,6964
1511083507975557122,22846,211620
1511029788328308743,6,1311
1510076873547517954,0,159
1510074725854167046,376,16701
1510031172885131264,19606,0
1509982251592957952,145,5104
1509982246433865729,757,19933
1509974893529473025,1,1056
1557046449023569920,1,425
1509936069847920640,1180,17282
1509900043821625346,1,79
1509898644144668682,3,2229
1509897301346635778,9986,126572
1509696896486543372,8131,146728
1509611501245681676,5252,67832
1509580312216494084,9,531
1509579390400794630,241,0
1509546807399006213,0,6
1509318165540614147,3,633
1557045986467254280,1,637
1509314228565458945,4743,75044
1509239321206874126,5,534
1509207623471673350,0,841
1509204925032677378,4352,78860
1508952961170350080,46,4653
1508899077559304192,0,154
1508891475702026240,1,389
1508891182562263045,0,2
1508889655604703233,0,452
1508889090187485197,1631,32773
1557045018761695233,7,1082
1508852770392227849,0,397
1508841031084748803,4291,75137
1508836372471287818,0,24
1508591892476223492,0,372
1508537284097982466,2,679
1508535712978722823,2,916
1508533625498836994,3,1256
1508532316238348289,0,849
1508531777941430273,6621,115594
1508464884631187463,53,2988
1557044191410196482,2384,46014
1507797866386841605,3,2077
1507796266964566018,3,2115
1507796095258161153,145,5280
1507795502405804033,6255,98431
1507449014945562629,1,365
1507438624429781005,0,2
1507437928892575748,0,362
1507434558882566146,69,3595
1507434550997225483,848,22542
1507123417736048675,2,252
1557040516306554882,1,22
1507105691885977604,0,173
1507100960602013708,3,344
1507098769908715531,0,165
1507079864385425409,6206,81663
1507057308873871367,14,826
1507055759388860418,253,0
1506786251445202946,5079,80767
1506724054287327239,0,21
1506681571553722373,0,6
1506677944198049805,0,103
1557034686165155843,2,119
1506677872991215616,1,612
1506677259754684426,0,459
1506676616394649600,2715,55403
1506409425833119745,2,117
1506400502614999048,391,0
1506355329180729346,1,446
1506353990493114368,5785,66895
1506295238289244165,185,0
1505962942713384962,12,628
1505962758348570624,34,1210
1557034658398879745,594,0
1505962010147647488,0,99
1505947163855138823,3,1088
1505942699404320779,4313,82945
1505655001783275520,4,1540
1505304726404956160,4,405
1505228811792629765,8418,87575
1504915227493560321,72,3541
1504915222674358272,830,23257
1504874222824296450,0,37
1504868634488836099,743,10468
1560705893246828548,103,3165
1556770400561876992,2,415
1504629667248033794,1,43
1504543682971648005,8,2768
1504543092438810627,17,8118
1504542941024436244,8,2875
1504512753922416649,5,764
1504509348881453091,2502,0
1504138860409901057,0,100
1504135442068819984,1,450
1504134773068939268,3,436
1504134533964312581,15,1469
1556769567770234882,2,682
1504134231257137156,3,440
1504132445234466822,4,530
1504131803820421122,8620,130312
1504094899506921478,0,287
1503873745441550336,0,85
1503862750518431750,3,355
1503862599242428418,0,82
1503839916488376330,3,886
1503838624688881667,3,1186
1503838184295305220,0,795
1556769097681190912,3176,63665
1503837594760720395,7,1531
1503836284791320577,31438,427766
1503788338674814977,2415,42518
1503409102806044675,0,225
1503403269544153092,3986,47348
1502792235812724740,1,82
1502737866979377154,0,533
1502736314428403724,2783,60018
1502379424641175552,83,3560
1502379418001494024,766,20836
1556732779647438848,0,6
1502354178169053192,0,13
1502345181030326274,4,180
1502343241328328705,256,4577
1502343238467788802,1106,7657
1502343191076343811,672,4272
1502343184201834496,1468,9635
1502343141378048001,7057,35008
1502316376295362561,0,44
1502032377492639747,5973,88966
1501990238981263376,0,191
1556693007495299073,6,128
1501986539533836288,3,177
1501985413988175872,684,16396
1501685859216625664,0,809
1501662701239422979,0,6
1501654635253100545,2,877
1501653461611397123,13836,117200
1501610985563504652,2,107
1501607855220301830,1,236
1501607040799674373,4577,69055
1501599052378644485,2,104
1556692399862136834,182,0
1501292061420572675,1,569
1501290433271541768,6537,97666
1501242805758222336,588,0
1501012820686622720,1,310
1500995197634691077,1,439
1500993856317186062,6566,81609
1500957779607138315,0,11
1500902823336235014,0,26
1500875715444682754,8,911
1500859325153173506,0,7
1556690529945018368,0,3
1500218430288318469,0,135
1500216669632749574,3355,44896
1499869974638309381,0,5
1499848058791677963,0,5
1499838998281428996,106,4068
1499838992572952579,986,25022
1499819978052227073,0,22
1499814171692748801,5,242
1499813277160857602,8,1416
1499810629724504065,1139,15559
1556683971727073281,10,948
1499574894002016256,786,0
1499544209845473281,1,760
1499541006202540032,12852,129395
1499523664236011520,0,42
1499472314609516545,500,13793
1499469284619141127,1,206
1499426993166860289,0,8
1499424508385632260,0,8
1499418438510460932,0,94
1499213377150750727,0,27
1556676334155350017,4,756
1499168931671511045,5620,80162
1499118198620360710,0,2
1499104386487762945,0,1
1499094172673916931,0,13
1499087066055024649,0,86
1499086282793832456,0,0
1499085281638510594,10,259
1499085053225312260,0,2
1499078990929272832,232,6603
1499078972155432960,835,16692
1556676122263306241,0,233
1498764894828568578,8822,107150
1498712728952877069,0,49
1498711071355510784,1304,30515
1498683873630298119,2,263
1498422755280183298,4051,83684
1496608445029486595,805,0
1496552611755012096,6,794
1496552326370414598,0,15
1496546350728687619,5017,83098
1496265582550863879,11239,145406
